yyyy,mm,tmax,tmin,af,rain,sun,date
,,,,,,,
1948.0,1.0,8.9,3.3,,85.0,,1948-01-01
1948.0,2.0,7.9,2.2,,26.0,,1948-02-01
1948.0,3.0,14.2,3.8,,14.0,,1948-03-01
1948.0,4.0,15.4,5.1,,35.0,,1948-04-01
1948.0,5.0,18.1,6.9,,57.0,,1948-05-01
1948.0,6.0,19.1,10.3,,67.0,,1948-06-01
1948.0,7.0,21.7,12.0,,21.0,,1948-07-01
1948.0,8.0,20.8,11.7,,67.0,,1948-08-01
1948.0,9.0,19.6,10.2,,35.0,,1948-09-01
1948.0,10.0,14.9,6.0,,50.0,,1948-10-01
1948.0,11.0,10.8,4.6,,44.0,,1948-11-01
1948.0,12.0,8.8,3.8,,63.0,,1948-12-01
1949.0,1.0,8.5,1.8,9.0,23.0,,1949-01-01
1949.0,2.0,10.4,0.6,11.0,27.0,,1949-02-01
1949.0,3.0,9.3,1.2,11.0,26.1,,1949-03-01
1949.0,4.0,16.2,6.0,1.0,34.2,,1949-04-01
1949.0,5.0,17.1,6.8,0.0,56.9,,1949-05-01
1949.0,6.0,22.0,10.5,0.0,9.0,,1949-06-01
1949.0,7.0,25.1,12.9,0.0,46.5,,1949-07-01
1949.0,8.0,23.9,12.5,0.0,26.3,,1949-08-01
1949.0,9.0,22.8,13.3,0.0,23.3,,1949-09-01
1949.0,10.0,17.0,8.6,3.0,139.6,,1949-10-01
1949.0,11.0,10.2,2.9,7.0,53.4,,1949-11-01
1949.0,12.0,9.2,2.9,6.0,33.0,,1949-12-01
1950.0,1.0,7.1,1.7,11.0,16.8,,1950-01-01
1950.0,2.0,9.9,2.4,7.0,82.2,,1950-02-01
1950.0,3.0,12.3,3.5,4.0,17.4,,1950-03-01
1950.0,4.0,12.9,4.2,1.0,54.8,,1950-04-01
1950.0,5.0,17.2,7.6,0.0,41.8,,1950-05-01
1950.0,6.0,23.6,12.3,0.0,44.6,,1950-06-01
1950.0,7.0,21.6,12.9,0.0,91.8,,1950-07-01
1950.0,8.0,21.9,12.1,0.0,68.8,,1950-08-01
1950.0,9.0,17.6,10.2,0.0,63.3,,1950-09-01
1950.0,10.0,14.0,6.1,3.0,10.9,,1950-10-01
1950.0,11.0,9.3,3.3,3.0,108.2,,1950-11-01
1950.0,12.0,3.8,-1.0,18.0,40.2,,1950-12-01
1951.0,1.0,7.3,1.5,7.0,71.3,,1951-01-01
1951.0,2.0,7.0,0.8,6.0,121.4,,1951-02-01
1951.0,3.0,8.4,1.7,6.0,86.0,,1951-03-01
1951.0,4.0,12.3,3.0,3.0,60.6,,1951-04-01
1951.0,5.0,15.0,7.0,0.0,53.0,,1951-05-01
1951.0,6.0,20.5,10.0,0.0,26.9,,1951-06-01
1951.0,7.0,23.0,12.9,0.0,33.8,,1951-07-01
1951.0,8.0,20.2,12.3,0.0,95.5,,1951-08-01
1951.0,9.0,19.2,11.3,0.0,66.3,,1951-09-01
1951.0,10.0,14.6,6.0,2.0,23.5,,1951-10-01
1951.0,11.0,11.8,6.2,1.0,132.6,,1951-11-01
1951.0,12.0,8.9,3.1,7.0,36.9,,1951-12-01
1952.0,1.0,6.2,0.4,13.0,47.0,,1952-01-01
1952.0,2.0,6.7,-0.3,14.0,16.1,,1952-02-01
1952.0,3.0,10.6,3.8,4.0,65.3,,1952-03-01
1952.0,4.0,15.6,5.8,2.0,39.9,,1952-04-01
1952.0,5.0,19.6,9.4,0.0,57.1,,1952-05-01
1952.0,6.0,20.9,10.9,0.0,30.0,,1952-06-01
1952.0,7.0,23.3,13.4,0.0,12.2,,1952-07-01
1952.0,8.0,21.6,13.3,0.0,63.5,,1952-08-01
1952.0,9.0,16.4,7.6,0.0,70.8,,1952-09-01
1952.0,10.0,13.2,5.7,4.0,69.8,,1952-10-01
1952.0,11.0,7.5,1.6,9.0,79.4,,1952-11-01
1952.0,12.0,5.8,-0.2,15.0,66.0,,1952-12-01
1953.0,1.0,5.6,0.6,14.0,21.2,,1953-01-01
1953.0,2.0,7.5,1.0,9.0,31.4,,1953-02-01
1953.0,3.0,11.1,1.0,12.0,8.5,,1953-03-01
1953.0,4.0,13.1,4.3,0.0,53.7,,1953-04-01
1953.0,5.0,18.7,8.9,0.0,32.4,,1953-05-01
1953.0,6.0,19.8,10.8,0.0,34.8,,1953-06-01
1953.0,7.0,21.0,12.1,0.0,75.3,,1953-07-01
1953.0,8.0,22.6,12.6,0.0,39.0,,1953-08-01
1953.0,9.0,19.5,9.8,0.0,47.4,,1953-09-01
1953.0,10.0,14.7,7.1,0.0,65.7,,1953-10-01
1953.0,11.0,11.3,5.2,0.0,28.6,,1953-11-01
1953.0,12.0,10.0,5.1,1.0,13.3,,1953-12-01
1954.0,1.0,5.9,0.3,15.0,23.5,,1954-01-01
1954.0,2.0,6.1,0.4,8.0,51.5,,1954-02-01
1954.0,3.0,10.4,3.0,5.0,51.3,,1954-03-01
1954.0,4.0,13.2,2.8,2.0,8.9,,1954-04-01
1954.0,5.0,16.8,7.6,0.0,52.6,,1954-05-01
1954.0,6.0,18.6,10.7,0.0,95.3,,1954-06-01
1954.0,7.0,19.2,11.7,0.0,62.1,,1954-07-01
1954.0,8.0,19.8,11.5,0.0,87.5,,1954-08-01
1954.0,9.0,18.0,9.6,0.0,58.1,,1954-09-01
1954.0,10.0,16.2,8.9,1.0,54.1,,1954-10-01
1954.0,11.0,11.2,3.6,5.0,95.5,,1954-11-01
1954.0,12.0,9.7,3.4,5.0,46.6,,1954-12-01
1955.0,1.0,5.6,0.4,11.0,50.2,,1955-01-01
1955.0,2.0,5.0,-0.8,16.0,35.0,,1955-02-01
1955.0,3.0,7.9,0.2,18.0,22.8,,1955-03-01
1955.0,4.0,15.2,5.1,0.0,7.2,,1955-04-01
1955.0,5.0,15.5,6.4,0.0,103.2,,1955-05-01
1955.0,6.0,20.0,11.1,0.0,52.1,,1955-06-01
1955.0,7.0,24.4,13.1,0.0,7.1,,1955-07-01
1955.0,8.0,24.3,13.6,0.0,17.8,,1955-08-01
1955.0,9.0,19.9,9.9,0.0,42.7,,1955-09-01
1955.0,10.0,13.5,5.3,4.0,87.7,,1955-10-01
1955.0,11.0,10.7,4.2,5.0,30.1,,1955-11-01
1955.0,12.0,9.5,2.3,8.0,46.7,,1955-12-01
1956.0,1.0,7.0,0.5,14.0,88.6,,1956-01-01
1956.0,2.0,2.9,-3.6,22.0,2.3,,1956-02-01
1956.0,3.0,11.0,2.7,9.0,15.0,,1956-03-01
1956.0,4.0,12.1,2.4,3.0,29.1,,1956-04-01
1956.0,5.0,19.1,7.1,0.0,4.2,,1956-05-01
1956.0,6.0,18.5,9.6,0.0,41.5,,1956-06-01
1956.0,7.0,20.9,12.8,0.0,130.5,,1956-07-01
1956.0,8.0,18.8,10.9,0.0,99.5,,1956-08-01
1956.0,9.0,19.2,11.7,0.0,50.0,,1956-09-01
1956.0,10.0,13.8,6.0,0.0,74.1,,1956-10-01
1956.0,11.0,9.3,2.5,7.0,10.1,,1956-11-01
1956.0,12.0,8.2,3.5,5.0,70.3,,1956-12-01
1957.0,1.0,8.7,2.7,5.0,39.5,53.0,1957-01-01
1957.0,2.0,9.0,2.9,5.0,69.8,64.9,1957-02-01
1957.0,3.0,13.9,5.7,2.0,25.4,96.7,1957-03-01
1957.0,4.0,14.2,5.2,1.0,5.7,169.6,1957-04-01
1957.0,5.0,16.2,6.5,0.0,21.3,195.0,1957-05-01
1957.0,6.0,23.6,10.7,0.0,22.4,284.5,1957-06-01
1957.0,7.0,22.5,13.8,0.0,87.0,152.3,1957-07-01
1957.0,8.0,21.1,12.5,0.0,86.2,154.4,1957-08-01
1957.0,9.0,17.6,10.1,0.0,51.7,88.5,1957-09-01
1957.0,10.0,15.5,7.7,0.0,47.0,85.9,1957-10-01
1957.0,11.0,9.4,4.3,2.0,59.5,67.5,1957-11-01
1957.0,12.0,7.6,1.0,11.0,42.1,40.8,1957-12-01
1958.0,1.0,6.8,0.9,10.0,64.3,40.1,1958-01-01
1958.0,2.0,8.9,1.9,10.0,58.7,45.7,1958-02-01
1958.0,3.0,8.1,1.1,10.0,26.0,105.2,1958-03-01
1958.0,4.0,12.3,3.8,3.0,29.5,153.2,1958-04-01
1958.0,5.0,17.3,7.8,0.0,59.5,189.2,1958-05-01
1958.0,6.0,19.4,10.7,0.0,104.3,152.2,1958-06-01
1958.0,7.0,21.7,12.9,0.0,51.9,190.5,1958-07-01
1958.0,8.0,20.8,13.1,0.0,75.2,103.1,1958-08-01
1958.0,9.0,20.0,12.1,0.0,83.8,134.8,1958-09-01
1958.0,10.0,14.9,8.3,0.0,50.7,94.2,1958-10-01
1958.0,11.0,9.7,4.4,1.0,50.7,40.8,1958-11-01
1958.0,12.0,8.0,2.7,2.0,85.1,29.6,1958-12-01
1959.0,1.0,5.7,-1.1,23.0,54.8,76.2,1959-01-01
1959.0,2.0,7.4,1.2,7.0,2.4,54.8,1959-02-01
1959.0,3.0,11.9,4.4,0.0,43.8,103.9,1959-03-01
1959.0,4.0,14.2,6.3,0.0,52.9,139.1,1959-04-01
1959.0,5.0,18.7,8.0,0.0,21.9,221.4,1959-05-01
1959.0,6.0,22.1,11.1,0.0,16.2,231.6,1959-06-01
1959.0,7.0,24.7,13.3,0.0,86.5,276.9,1959-07-01
1959.0,8.0,24.2,13.7,0.0,27.6,240.0,1959-08-01
1959.0,9.0,22.7,10.6,0.0,5.1,209.2,1959-09-01
1959.0,10.0,17.8,8.5,0.0,46.9,150.1,1959-10-01
1959.0,11.0,10.8,3.5,6.0,53.5,53.0,1959-11-01
1959.0,12.0,9.3,3.0,1.0,75.7,30.2,1959-12-01
1960.0,1.0,6.9,1.8,12.0,47.9,34.4,1960-01-01
1960.0,2.0,7.9,1.6,7.0,48.0,80.1,1960-02-01
1960.0,3.0,10.2,4.5,0.0,33.9,65.0,1960-03-01
1960.0,4.0,14.3,4.6,1.0,12.4,156.1,1960-04-01
1960.0,5.0,18.4,9.3,0.0,45.6,181.7,1960-05-01
1960.0,6.0,22.1,12.1,0.0,42.8,248.6,1960-06-01
1960.0,7.0,20.1,12.4,0.0,67.2,139.7,1960-07-01
1960.0,8.0,20.3,11.8,0.0,60.8,150.9,1960-08-01
1960.0,9.0,18.5,10.5,0.0,75.3,128.4,1960-09-01
1960.0,10.0,14.2,8.2,0.0,155.5,75.2,1960-10-01
1960.0,11.0,11.2,4.5,4.0,89.5,69.4,1960-11-01
1960.0,12.0,6.9,2.1,5.0,56.5,44.5,1960-12-01
1961.0,1.0,6.9,1.2,11.0,64.4,45.8,1961-01-01
1961.0,2.0,10.3,4.9,0.0,55.1,56.0,1961-02-01
1961.0,3.0,13.9,2.9,4.0,5.7,166.7,1961-03-01
1961.0,4.0,15.0,7.1,0.0,50.8,73.5,1961-04-01
1961.0,5.0,16.8,7.4,0.0,17.2,217.2,1961-05-01
1961.0,6.0,21.7,10.5,0.0,29.2,229.3,1961-06-01
1961.0,7.0,22.1,12.1,0.0,26.2,180.0,1961-07-01
1961.0,8.0,21.7,12.6,0.0,47.6,158.8,1961-08-01
1961.0,9.0,20.9,12.0,0.0,64.7,125.4,1961-09-01
1961.0,10.0,15.6,7.6,1.0,56.8,117.2,1961-10-01
1961.0,11.0,9.9,3.5,7.0,52.5,55.6,1961-11-01
1961.0,12.0,6.8,0.2,17.0,88.6,46.2,1961-12-01
1962.0,1.0,7.9,1.2,7.0,76.1,67.1,1962-01-01
1962.0,2.0,7.6,1.4,7.0,12.6,67.1,1962-02-01
1962.0,3.0,7.4,-0.6,16.0,35.8,111.4,1962-03-01
1962.0,4.0,12.7,4.7,0.0,41.8,142.7,1962-04-01
1962.0,5.0,15.0,7.1,0.0,29.6,157.9,1962-05-01
1962.0,6.0,20.4,9.4,0.0,6.1,260.5,1962-06-01
1962.0,7.0,20.6,12.1,0.0,82.8,135.0,1962-07-01
1962.0,8.0,20.0,11.6,0.0,52.9,173.6,1962-08-01
1962.0,9.0,17.8,9.6,0.0,88.4,152.0,1962-09-01
1962.0,10.0,15.7,7.1,1.0,37.6,114.4,1962-10-01
1962.0,11.0,9.1,3.2,8.0,41.7,33.6,1962-11-01
1962.0,12.0,5.0,-1.1,22.0,52.8,64.1,1962-12-01
1963.0,1.0,0.8,-4.6,28.0,12.9,38.4,1963-01-01
1963.0,2.0,2.8,-2.2,24.0,6.6,72.2,1963-02-01
1963.0,3.0,10.7,3.0,7.0,68.2,95.9,1963-03-01
1963.0,4.0,13.6,5.7,1.0,52.1,123.2,1963-04-01
1963.0,5.0,16.0,6.9,0.0,33.7,195.6,1963-05-01
1963.0,6.0,20.8,11.3,0.0,48.3,193.4,1963-06-01
1963.0,7.0,21.1,11.9,0.0,28.1,196.2,1963-07-01
1963.0,8.0,19.8,11.7,0.0,53.4,138.6,1963-08-01
1963.0,9.0,18.0,10.1,0.0,49.0,120.9,1963-09-01
1963.0,10.0,14.8,8.2,0.0,34.7,85.4,1963-10-01
1963.0,11.0,11.8,6.0,1.0,118.8,59.3,1963-11-01
1963.0,12.0,5.4,0.0,16.0,16.1,44.1,1963-12-01
1964.0,1.0,5.8,0.4,9.0,17.8,37.4,1964-01-01
1964.0,2.0,7.6,2.0,7.0,16.8,59.2,1964-02-01
1964.0,3.0,7.6,2.6,5.0,95.1,66.8,1964-03-01
1964.0,4.0,12.8,5.4,2.0,73.5,126.1,1964-04-01
1964.0,5.0,19.6,9.8,0.0,46.1,197.8,1964-05-01
1964.0,6.0,19.3,11.2,0.0,110.1,164.1,1964-06-01
1964.0,7.0,22.8,13.5,0.0,20.2,219.7,1964-07-01
1964.0,8.0,22.3,12.7,0.0,21.2,215.7,1964-08-01
1964.0,9.0,21.1,10.6,0.0,11.1,213.7,1964-09-01
1964.0,10.0,13.7,5.3,1.0,29.2,126.2,1964-10-01
1964.0,11.0,11.2,5.3,2.0,29.6,55.0,1964-11-01
1964.0,12.0,7.1,0.9,12.0,29.9,48.6,1964-12-01
1965.0,1.0,6.6,1.0,14.0,43.0,72.8,1965-01-01
1965.0,2.0,5.9,0.9,11.0,8.3,32.5,1965-02-01
1965.0,3.0,10.5,2.2,9.0,58.0,129.7,1965-03-01
1965.0,4.0,13.4,4.8,0.0,44.8,138.6,1965-04-01
1965.0,5.0,16.8,8.6,0.0,39.5,194.6,1965-05-01
1965.0,6.0,19.7,11.0,0.0,54.6,184.7,1965-06-01
1965.0,7.0,19.3,11.7,0.0,85.9,129.9,1965-07-01
1965.0,8.0,20.8,11.9,0.0,55.9,184.7,1965-08-01
1965.0,9.0,17.4,9.2,0.0,109.4,130.0,1965-09-01
1965.0,10.0,16.2,7.5,1.0,18.8,129.1,1965-10-01
1965.0,11.0,8.4,2.2,9.0,65.4,96.5,1965-11-01
1965.0,12.0,8.4,1.7,9.0,87.3,54.0,1965-12-01
1966.0,1.0,5.3,1.0,13.0,32.6,40.8,1966-01-01
1966.0,2.0,9.3,4.4,1.0,73.4,27.0,1966-02-01
1966.0,3.0,10.9,2.6,4.0,12.2,122.6,1966-03-01
1966.0,4.0,12.2,5.4,0.0,98.6,88.7,1966-04-01
1966.0,5.0,17.0,7.5,0.0,50.5,222.9,1966-05-01
1966.0,6.0,21.8,12.2,0.0,66.7,205.4,1966-06-01
1966.0,7.0,20.1,12.2,0.0,78.0,161.6,1966-07-01
1966.0,8.0,20.6,11.6,0.0,86.2,199.7,1966-08-01
1966.0,9.0,19.6,10.8,0.0,36.7,161.4,1966-09-01
1966.0,10.0,14.7,8.6,0.0,122.1,81.3,1966-10-01
1966.0,11.0,8.8,2.9,4.0,41.7,59.3,1966-11-01
1966.0,12.0,9.3,2.2,6.0,62.5,36.3,1966-12-01
1967.0,1.0,7.3,2.1,12.0,36.4,66.1,1967-01-01
1967.0,2.0,9.3,2.6,7.0,48.6,89.5,1967-02-01
1967.0,3.0,11.6,3.7,1.0,35.7,172.9,1967-03-01
1967.0,4.0,12.5,4.4,1.0,44.1,138.2,1967-04-01
1967.0,5.0,15.6,7.8,1.0,102.1,183.6,1967-05-01
1967.0,6.0,20.1,10.3,0.0,51.0,210.0,1967-06-01
1967.0,7.0,23.5,13.8,0.0,73.5,239.5,1967-07-01
1967.0,8.0,21.5,12.7,0.0,47.4,182.9,1967-08-01
1967.0,9.0,18.5,11.1,0.0,59.5,118.6,1967-09-01
1967.0,10.0,15.0,8.8,0.0,103.8,99.1,1967-10-01
1967.0,11.0,9.7,2.6,5.0,42.3,78.7,1967-11-01
1967.0,12.0,7.2,1.3,11.0,54.0,61.3,1967-12-01
1968.0,1.0,7.2,1.3,13.0,65.1,43.0,1968-01-01
1968.0,2.0,5.7,0.2,13.0,25.3,67.2,1968-02-01
1968.0,3.0,11.1,3.5,3.0,22.6,142.3,1968-03-01
1968.0,4.0,13.7,4.4,4.0,44.2,188.4,1968-04-01
1968.0,5.0,15.4,7.0,0.0,80.8,170.8,1968-05-01
1968.0,6.0,20.6,11.5,0.0,54.9,172.5,1968-06-01
1968.0,7.0,20.7,12.6,0.0,79.4,146.7,1968-07-01
1968.0,8.0,20.2,12.6,0.0,68.2,121.1,1968-08-01
1968.0,9.0,18.8,11.6,0.0,131.4,125.6,1968-09-01
1968.0,10.0,16.5,10.7,0.0,64.2,78.5,1968-10-01
1968.0,11.0,9.5,4.8,3.0,44.3,40.7,1968-11-01
1968.0,12.0,5.4,1.0,12.0,74.9,30.7,1968-12-01
1969.0,1.0,8.9,3.4,5.0,71.7,32.4,1969-01-01
1969.0,2.0,4.9,-0.9,15.0,45.0,70.5,1969-02-01
1969.0,3.0,8.0,1.3,7.0,56.0,66.8,1969-03-01
1969.0,4.0,13.6,3.9,4.0,20.3,207.6,1969-04-01
1969.0,5.0,17.1,8.6,0.0,59.5,149.1,1969-05-01
1969.0,6.0,20.6,10.2,0.0,26.6,262.8,1969-06-01
1969.0,7.0,23.9,13.9,0.0,68.7,229.2,1969-07-01
1969.0,8.0,21.8,13.6,0.0,93.0,141.3,1969-08-01
1969.0,9.0,19.6,11.7,0.0,3.1,118.5,1969-09-01
1969.0,10.0,18.2,9.9,0.0,5.1,117.3,1969-10-01
1969.0,11.0,9.6,3.3,7.0,68.7,71.1,1969-11-01
1969.0,12.0,6.1,1.4,9.0,46.1,18.5,1969-12-01
1970.0,1.0,7.1,2.1,9.0,67.7,31.9,1970-01-01
1970.0,2.0,7.2,0.8,12.0,39.9,105.5,1970-02-01
1970.0,3.0,8.1,0.7,13.0,37.6,99.7,1970-03-01
1970.0,4.0,11.4,3.7,3.0,59.5,122.7,1970-04-01
1970.0,5.0,19.2,9.2,0.0,25.1,219.2,1970-05-01
1970.0,6.0,23.6,12.7,0.0,70.1,273.3,1970-06-01
1970.0,7.0,21.3,12.3,0.0,53.0,181.3,1970-07-01
1970.0,8.0,22.3,13.0,0.0,53.6,184.3,1970-08-01
1970.0,9.0,20.3,11.4,0.0,49.8,157.0,1970-09-01
1970.0,10.0,15.7,8.1,0.0,10.4,100.9,1970-10-01
1970.0,11.0,11.9,5.5,1.0,151.2,59.8,1970-11-01
1970.0,12.0,7.0,1.7,10.0,38.5,45.3,1970-12-01
1971.0,1.0,7.8,2.8,6.0,70.5,42.5,1971-01-01
1971.0,2.0,8.6,1.9,5.0,16.6,72.6,1971-02-01
1971.0,3.0,9.1,2.3,7.0,42.4,104.7,1971-03-01
1971.0,4.0,12.2,4.8,1.0,47.3,121.5,1971-04-01
1971.0,5.0,18.1,8.2,0.0,76.7,232.9,1971-05-01
1971.0,6.0,17.8,10.1,0.0,127.7,145.4,1971-06-01
1971.0,7.0,24.1,13.8,0.0,19.3,224.1,1971-07-01
1971.0,8.0,21.3,13.5,0.0,64.4,147.5,1971-08-01
1971.0,9.0,20.7,10.2,0.0,11.1,173.9,1971-09-01
1971.0,10.0,17.2,8.1,0.0,57.6,147.0,1971-10-01
1971.0,11.0,10.4,3.0,7.0,63.9,96.3,1971-11-01
1971.0,12.0,9.3,4.5,1.0,21.0,31.4,1971-12-01
1972.0,1.0,6.9,2.1,6.0,55.3,40.9,1972-01-01
1972.0,2.0,7.9,2.6,2.0,43.4,35.0,1972-02-01
1972.0,3.0,12.4,3.3,2.0,54.0,144.5,1972-03-01
1972.0,4.0,12.9,5.7,0.0,38.3,120.8,1972-04-01
1972.0,5.0,16.0,7.6,0.0,25.9,171.7,1972-05-01
1972.0,6.0,17.5,9.0,0.0,15.4,166.3,1972-06-01
1972.0,7.0,22.3,12.7,0.0,27.2,151.4,1972-07-01
1972.0,8.0,21.8,12.1,0.0,15.4,190.0,1972-08-01
1972.0,9.0,17.3,9.0,0.0,27.6,117.5,1972-09-01
1972.0,10.0,15.6,8.5,0.0,17.3,112.7,1972-10-01
1972.0,11.0,9.9,3.2,9.0,57.7,78.0,1972-11-01
1972.0,12.0,9.4,3.5,2.0,66.7,56.5,1972-12-01
1973.0,1.0,7.3,2.0,10.0,13.1,28.0,1973-01-01
1973.0,2.0,8.1,0.7,15.0,12.5,66.0,1973-02-01
1973.0,3.0,11.5,2.2,6.0,10.4,138.1,1973-03-01
1973.0,4.0,12.5,3.9,2.0,58.1,140.5,1973-04-01
1973.0,5.0,16.9,8.6,0.0,54.2,167.2,1973-05-01
1973.0,6.0,21.9,11.6,0.0,68.8,254.5,1973-06-01
1973.0,7.0,21.4,12.7,0.0,49.1,173.7,1973-07-01
1973.0,8.0,23.7,13.8,0.0,40.9,189.1,1973-08-01
1973.0,9.0,20.7,11.6,0.0,60.7,180.4,1973-09-01
1973.0,10.0,13.9,6.1,0.0,38.6,98.9,1973-10-01
1973.0,11.0,10.3,2.5,11.0,26.6,87.0,1973-11-01
1973.0,12.0,8.6,2.1,9.0,52.3,59.6,1973-12-01
1974.0,1.0,9.6,3.6,2.0,53.0,46.0,1974-01-01
1974.0,2.0,9.2,3.0,2.0,57.8,67.2,1974-02-01
1974.0,3.0,10.3,2.8,4.0,27.2,101.3,1974-03-01
1974.0,4.0,14.0,4.7,0.0,15.2,159.3,1974-04-01
1974.0,5.0,17.0,7.5,0.0,22.4,196.4,1974-05-01
1974.0,6.0,20.1,10.6,0.0,67.2,201.7,1974-06-01
1974.0,7.0,20.9,12.5,0.0,29.8,187.7,1974-07-01
1974.0,8.0,21.5,12.1,0.0,67.8,190.3,1974-08-01
1974.0,9.0,17.5,9.5,0.0,140.0,156.0,1974-09-01
1974.0,10.0,11.0,5.0,1.0,71.9,89.1,1974-10-01
1974.0,11.0,10.6,5.0,0.0,142.8,42.7,1974-11-01
1974.0,12.0,11.0,5.6,0.0,34.4,52.6,1974-12-01
1975.0,1.0,10.3,4.5,2.0,92.3,38.0,1975-01-01
1975.0,2.0,9.3,1.9,5.0,23.0,79.1,1975-02-01
1975.0,3.0,8.4,2.8,7.0,69.7,66.9,1975-03-01
1975.0,4.0,13.3,5.0,5.0,43.6,133.4,1975-04-01
1975.0,5.0,15.1,6.9,0.0,62.9,149.8,1975-05-01
1975.0,6.0,21.8,10.4,0.0,23.2,293.7,1975-06-01
1975.0,7.0,24.1,14.1,0.0,36.3,217.3,1975-07-01
1975.0,8.0,25.9,15.0,0.0,13.3,226.0,1975-08-01
1975.0,9.0,19.5,10.6,0.0,111.2,144.1,1975-09-01
1975.0,10.0,14.4,7.0,0.0,23.2,111.6,1975-10-01
1975.0,11.0,10.1,3.2,6.0,58.0,78.8,1975-11-01
1975.0,12.0,7.6,1.5,11.0,29.1,40.3,1975-12-01
1976.0,1.0,8.8,3.0,8.0,13.9,68.3,1976-01-01
1976.0,2.0,7.8,2.3,7.0,21.1,39.7,1976-02-01
1976.0,3.0,9.5,2.0,8.0,11.3,127.1,1976-03-01
1976.0,4.0,13.7,4.3,1.0,9.9,182.3,1976-04-01
1976.0,5.0,19.3,8.9,0.0,19.3,209.2,1976-05-01
1976.0,6.0,25.5,13.7,0.0,6.3,261.2,1976-06-01
1976.0,7.0,26.6,14.9,0.0,15.4,263.5,1976-07-01
1976.0,8.0,25.1,13.2,0.0,16.4,263.7,1976-08-01
1976.0,9.0,19.0,11.2,0.0,96.6,118.9,1976-09-01
1976.0,10.0,14.9,8.8,0.0,93.0,61.4,1976-10-01
1976.0,11.0,9.9,3.5,5.0,81.7,60.1,1976-11-01
1976.0,12.0,5.6,-0.2,11.0,72.3,57.4,1976-12-01
1977.0,1.0,6.1,0.8,15.0,63.5,38.2,1977-01-01
1977.0,2.0,9.6,3.4,3.0,65.3,83.3,1977-02-01
1977.0,3.0,11.2,4.5,4.0,56.8,105.1,1977-03-01
1977.0,4.0,12.2,4.1,4.0,32.7,151.1,1977-04-01
1977.0,5.0,16.4,7.2,0.0,37.3,210.5,1977-05-01
1977.0,6.0,17.4,9.6,0.0,52.4,134.8,1977-06-01
1977.0,7.0,22.4,12.7,0.0,10.4,210.4,1977-07-01
1977.0,8.0,20.3,13.0,0.0,150.3,135.8,1977-08-01
1977.0,9.0,18.0,10.7,0.0,15.3,117.5,1977-09-01
1977.0,10.0,16.3,9.0,0.0,48.1,113.8,1977-10-01
1977.0,11.0,10.4,4.6,2.0,51.3,88.4,1977-11-01
1977.0,12.0,9.2,4.1,2.0,55.5,37.1,1977-12-01
1978.0,1.0,6.7,0.7,11.0,68.8,47.4,1978-01-01
1978.0,2.0,6.2,0.7,13.0,40.9,41.3,1978-02-01
1978.0,3.0,11.3,3.5,4.0,58.9,108.5,1978-03-01
1978.0,4.0,10.7,3.9,4.0,45.4,113.8,1978-04-01
1978.0,5.0,17.2,7.9,0.0,78.5,210.6,1978-05-01
1978.0,6.0,19.7,10.7,0.0,38.1,175.9,1978-06-01
1978.0,7.0,20.5,12.7,0.0,65.5,142.0,1978-07-01
1978.0,8.0,20.7,12.1,0.0,53.6,177.6,1978-08-01
1978.0,9.0,20.1,10.8,0.0,17.1,166.7,1978-09-01
1978.0,10.0,17.1,8.4,0.0,1.6,98.4,1978-10-01
1978.0,11.0,12.6,6.2,4.0,8.2,81.7,1978-11-01
1978.0,12.0,7.8,2.6,11.0,108.6,35.4,1978-12-01
1979.0,1.0,3.8,-2.6,24.0,59.9,58.5,1979-01-01
1979.0,2.0,4.5,-0.4,13.0,44.0,52.9,1979-02-01
1979.0,3.0,9.2,2.0,4.0,94.9,99.6,1979-03-01
1979.0,4.0,12.7,4.8,2.0,77.6,106.3,1979-04-01
1979.0,5.0,15.9,7.2,2.0,87.0,200.6,1979-05-01
1979.0,6.0,19.0,11.1,0.0,37.6,140.3,1979-06-01
1979.0,7.0,22.5,13.4,0.0,21.7,182.5,1979-07-01
1979.0,8.0,21.0,12.2,0.0,33.4,171.3,1979-08-01
1979.0,9.0,19.6,10.3,0.0,20.8,177.6,1979-09-01
1979.0,10.0,16.4,8.8,0.0,68.7,124.9,1979-10-01
1979.0,11.0,10.8,3.5,5.0,48.2,58.1,1979-11-01
1979.0,12.0,9.2,3.9,5.0,90.7,49.6,1979-12-01
1980.0,1.0,6.0,-0.1,14.0,29.7,72.4,1980-01-01
1980.0,2.0,9.9,2.9,4.0,36.8,52.2,1980-02-01
1980.0,3.0,9.0,2.4,4.0,72.1,83.2,1980-03-01
1980.0,4.0,14.0,5.4,0.0,21.6,161.2,1980-04-01
1980.0,5.0,17.3,7.4,0.0,26.1,221.1,1980-05-01
1980.0,6.0,19.8,10.9,0.0,106.2,188.8,1980-06-01
1980.0,7.0,19.7,11.9,0.0,59.3,163.7,1980-07-01
1980.0,8.0,21.9,13.3,0.0,52.3,173.4,1980-08-01
1980.0,9.0,20.1,12.0,0.0,27.7,146.6,1980-09-01
1980.0,10.0,14.0,5.8,0.0,96.5,123.3,1980-10-01
1980.0,11.0,9.3,4.5,4.0,26.4,66.4,1980-11-01
1980.0,12.0,8.9,2.7,8.0,33.4,63.7,1980-12-01
1981.0,1.0,8.1,2.0,9.0,32.7,62.0,1981-01-01
1981.0,2.0,7.1,-0.1,16.0,11.9,71.6,1981-02-01
1981.0,3.0,11.8,6.5,1.0,90.8,56.8,1981-03-01
1981.0,4.0,12.9,4.9,1.0,32.4,129.9,1981-04-01
1981.0,5.0,16.1,8.4,0.0,79.8,112.0,1981-05-01
1981.0,6.0,18.5,10.4,0.0,39.5,152.1,1981-06-01
1981.0,7.0,22.0,12.8,0.0,56.7,148.9,1981-07-01
1981.0,8.0,22.8,13.0,0.0,45.3,217.9,1981-08-01
1981.0,9.0,20.3,11.3,0.0,94.6,151.1,1981-09-01
1981.0,10.0,12.9,5.8,0.0,76.5,110.3,1981-10-01
1981.0,11.0,11.5,5.1,1.0,34.1,54.9,1981-11-01
1981.0,12.0,4.4,-1.5,17.0,85.3,47.0,1981-12-01
1982.0,1.0,6.9,0.4,14.0,38.0,57.7,1982-01-01
1982.0,2.0,8.4,2.4,4.0,31.6,51.3,1982-02-01
1982.0,3.0,11.1,2.5,3.0,51.5,171.3,1982-03-01
1982.0,4.0,14.3,5.0,2.0,22.8,180.9,1982-04-01
1982.0,5.0,18.0,7.6,0.0,71.9,204.8,1982-05-01
1982.0,6.0,21.5,12.8,0.0,84.6,182.1,1982-06-01
1982.0,7.0,22.7,13.4,0.0,24.5,164.0,1982-07-01
1982.0,8.0,22.2,12.9,0.0,39.7,168.9,1982-08-01
1982.0,9.0,20.8,11.1,0.0,39.6,156.0,1982-09-01
1982.0,10.0,14.1,7.8,0.0,109.1,69.6,1982-10-01
1982.0,11.0,11.4,6.2,3.0,72.9,55.5,1982-11-01
1982.0,12.0,8.2,1.9,8.0,63.6,50.0,1982-12-01
1983.0,1.0,10.0,4.3,3.0,47.2,51.4,1983-01-01
1983.0,2.0,5.5,-0.5,19.0,31.0,85.3,1983-02-01
1983.0,3.0,10.8,3.0,5.0,33.7,93.4,1983-03-01
1983.0,4.0,12.4,3.6,3.0,101.5,145.4,1983-04-01
1983.0,5.0,15.6,7.5,0.0,72.9,136.8,1983-05-01
1983.0,6.0,20.8,11.4,0.0,12.0,188.8,1983-06-01
1983.0,7.0,27.6,16.0,0.0,50.3,247.8,1983-07-01
1983.0,8.0,24.5,13.8,0.0,11.4,219.1,1983-08-01
1983.0,9.0,19.3,11.3,0.0,42.9,113.7,1983-09-01
1983.0,10.0,15.1,7.6,2.0,41.7,114.0,1983-10-01
1983.0,11.0,11.3,5.5,4.0,39.5,42.9,1983-11-01
1983.0,12.0,9.2,2.7,10.0,50.9,58.5,1983-12-01
1984.0,1.0,8.0,1.4,9.0,73.3,88.1,1984-01-01
1984.0,2.0,7.4,1.3,10.0,32.9,71.6,1984-02-01
1984.0,3.0,8.9,2.5,2.0,73.4,51.4,1984-03-01
1984.0,4.0,14.6,3.9,5.0,5.4,230.5,1984-04-01
1984.0,5.0,14.9,6.8,0.0,90.9,144.7,1984-05-01
1984.0,6.0,21.3,11.3,0.0,36.1,237.0,1984-06-01
1984.0,7.0,24.2,12.9,0.0,19.2,232.5,1984-07-01
1984.0,8.0,24.4,14.2,0.0,27.8,201.1,1984-08-01
1984.0,9.0,18.6,11.0,0.0,73.4,98.1,1984-09-01
1984.0,10.0,15.8,8.5,0.0,82.8,91.2,1984-10-01
1984.0,11.0,12.2,6.4,0.0,69.8,75.4,1984-11-01
1984.0,12.0,8.7,2.8,8.0,56.7,49.3,1984-12-01
1985.0,1.0,4.1,-1.8,20.0,41.3,46.9,1985-01-01
1985.0,2.0,6.3,0.1,13.0,29.8,78.3,1985-02-01
1985.0,3.0,9.4,1.3,12.0,34.1,105.2,1985-03-01
1985.0,4.0,14.0,5.3,3.0,33.3,157.5,1985-04-01
1985.0,5.0,16.4,8.2,0.0,64.7,163.7,1985-05-01
1985.0,6.0,18.5,9.9,0.0,88.9,167.2,1985-06-01
1985.0,7.0,22.9,13.2,0.0,35.2,241.4,1985-07-01
1985.0,8.0,20.3,11.9,0.0,58.9,187.3,1985-08-01
1985.0,9.0,20.6,11.4,0.0,11.2,143.4,1985-09-01
1985.0,10.0,16.1,8.8,0.0,18.4,118.8,1985-10-01
1985.0,11.0,8.1,1.2,11.0,30.0,88.6,1985-11-01
1985.0,12.0,10.0,5.2,4.0,80.5,39.0,1985-12-01
1986.0,1.0,7.2,1.0,11.0,105.6,62.8,1986-01-01
1986.0,2.0,1.7,-2.7,24.0,14.5,61.9,1986-02-01
1986.0,3.0,10.1,1.8,8.0,43.5,124.4,1986-03-01
1986.0,4.0,10.9,3.2,3.0,60.7,135.2,1986-04-01
1986.0,5.0,16.3,7.9,0.0,52.3,172.3,1986-05-01
1986.0,6.0,21.8,11.4,0.0,17.2,225.8,1986-06-01
1986.0,7.0,22.6,13.3,0.0,54.6,180.5,1986-07-01
1986.0,8.0,20.0,11.5,0.0,66.7,158.3,1986-08-01
1986.0,9.0,17.4,8.1,0.0,22.8,157.5,1986-09-01
1986.0,10.0,16.4,8.5,0.0,72.4,116.3,1986-10-01
1986.0,11.0,12.1,5.2,0.0,66.1,73.1,1986-11-01
1986.0,12.0,9.7,3.2,4.0,60.6,55.1,1986-12-01
1987.0,1.0,3.6,-1.0,18.0,11.1,54.4,1987-01-01
1987.0,2.0,7.7,1.4,12.0,32.4,58.0,1987-02-01
1987.0,3.0,8.5,1.4,14.0,42.7,105.2,1987-03-01
1987.0,4.0,15.8,6.7,0.0,39.9,153.0,1987-04-01
1987.0,5.0,16.3,7.0,0.0,54.1,198.2,1987-05-01
1987.0,6.0,18.6,10.6,0.0,69.9,132.9,1987-06-01
1987.0,7.0,21.8,13.2,0.0,77.3,176.1,1987-07-01
1987.0,8.0,21.8,12.5,0.0,57.2,172.3,1987-08-01
1987.0,9.0,19.3,11.4,0.0,36.9,147.2,1987-09-01
1987.0,10.0,15.0,7.7,0.0,174.8,120.6,1987-10-01
1987.0,11.0,9.8,4.2,3.0,43.3,39.8,1987-11-01
1987.0,12.0,8.9,4.1,5.0,14.4,34.4,1987-12-01
1988.0,1.0,8.8,3.1,5.0,106.9,54.7,1988-01-01
1988.0,2.0,8.7,1.8,6.0,26.0,115.9,1988-02-01
1988.0,3.0,10.7,3.7,4.0,59.5,88.1,1988-03-01
1988.0,4.0,13.5,5.1,1.0,27.7,145.8,1988-04-01
1988.0,5.0,18.0,9.1,0.0,41.6,202.0,1988-05-01
1988.0,6.0,19.7,11.3,0.0,44.3,159.9,1988-06-01
1988.0,7.0,20.0,12.2,0.0,76.2,161.7,1988-07-01
1988.0,8.0,21.8,12.4,0.0,60.9,195.0,1988-08-01
1988.0,9.0,18.8,10.8,0.0,27.8,147.8,1988-09-01
1988.0,10.0,15.5,8.5,0.0,56.3,110.0,1988-10-01
1988.0,11.0,9.9,1.8,12.0,16.0,89.2,1988-11-01
1988.0,12.0,10.4,4.8,1.0,8.9,37.5,1988-12-01
1989.0,1.0,9.5,3.1,6.0,26.0,59.2,1989-01-01
1989.0,2.0,10.2,2.6,4.0,40.2,94.2,1989-02-01
1989.0,3.0,12.9,4.5,2.0,56.6,100.0,1989-03-01
1989.0,4.0,11.5,4.3,1.0,64.2,144.5,1989-04-01
1989.0,5.0,21.0,10.0,0.0,12.1,310.1,1989-05-01
1989.0,6.0,22.1,11.4,0.0,35.5,258.5,1989-06-01
1989.0,7.0,25.8,14.8,0.0,36.7,274.8,1989-07-01
1989.0,8.0,24.2,13.1,0.0,55.7,267.1,1989-08-01
1989.0,9.0,20.7,12.6,0.0,10.8,131.2,1989-09-01
1989.0,10.0,17.1,9.7,0.0,52.8,113.4,1989-10-01
1989.0,11.0,10.9,3.7,6.0,23.8,107.0,1989-11-01
1989.0,12.0,9.4,4.2,2.0,119.3,33.6,1989-12-01
1990.0,1.0,10.2,4.4,0.0,71.1,57.6,1990-01-01
1990.0,2.0,11.7,5.3,1.0,92.3,94.3,1990-02-01
1990.0,3.0,13.6,4.8,1.0,6.9,154.6,1990-03-01
1990.0,4.0,14.6,4.2,3.0,29.7,245.0,1990-04-01
1990.0,5.0,20.5,9.0,0.0,4.1,287.0,1990-05-01
1990.0,6.0,19.5,10.8,0.0,39.5,132.5,1990-06-01
1990.0,7.0,24.7,13.2,0.0,6.9,273.2,1990-07-01
1990.0,8.0,26.0,14.7,0.0,26.8,249.3,1990-08-01
1990.0,9.0,19.7,10.0,0.0,24.9,173.4,1990-09-01
1990.0,10.0,16.9,9.6,0.0,49.7,122.5,1990-10-01
1990.0,11.0,10.7,5.1,0.0,22.1,70.0,1990-11-01
1990.0,12.0,7.6,2.5,7.0,51.4,47.8,1990-12-01
1991.0,1.0,7.3,1.8,3.0,69.7,68.4,1991-01-01
1991.0,2.0,5.4,-1.3,16.0,34.7,48.5,1991-02-01
1991.0,3.0,12.5,5.3,2.0,25.9,102.7,1991-03-01
1991.0,4.0,13.1,4.8,2.0,52.8,158.5,1991-04-01
1991.0,5.0,15.7,7.7,0.0,9.1,138.7,1991-05-01
1991.0,6.0,17.8,9.7,0.0,88.6,135.0,1991-06-01
1991.0,7.0,23.2,14.4,0.0,92.9,218.6,1991-07-01
1991.0,8.0,24.1,14.4,0.0,26.0,241.7,1991-08-01
1991.0,9.0,21.4,11.5,0.0,43.7,183.0,1991-09-01
1991.0,10.0,14.6,7.6,0.0,18.5,87.1,1991-10-01
1991.0,11.0,10.6,4.2,5.0,59.3,59.2,1991-11-01
1991.0,12.0,8.3,1.7,12.0,12.0,60.7,1991-12-01
1992.0,1.0,7.5,2.0,11.0,12.6,56.0,1992-01-01
1992.0,2.0,9.5,2.3,8.0,17.7,50.3,1992-02-01
1992.0,3.0,11.8,4.9,0.0,38.5,61.8,1992-03-01
1992.0,4.0,14.0,5.6,1.0,57.1,129.7,1992-04-01
1992.0,5.0,21.0,10.2,0.0,94.5,271.9,1992-05-01
1992.0,6.0,22.5,12.3,0.0,22.5,213.7,1992-06-01
1992.0,7.0,22.5,14.2,0.0,62.3,158.6,1992-07-01
1992.0,8.0,21.7,13.6,0.0,84.7,149.2,1992-08-01
1992.0,9.0,18.9,11.0,0.0,77.3,127.5,1992-09-01
1992.0,10.0,12.5,5.3,3.0,59.4,112.6,1992-10-01
1992.0,11.0,12.0,4.8,2.0,86.9,61.6,1992-11-01
1992.0,12.0,7.8,1.6,12.0,35.9,49.1,1992-12-01
1993.0,1.0,10.3,3.5,4.0,63.1,37.8,1993-01-01
1993.0,2.0,7.2,2.5,2.0,2.4,51.0,1993-02-01
1993.0,3.0,11.8,3.3,4.0,16.0,128.4,1993-03-01
1993.0,4.0,14.6,6.8,0.0,75.3,126.9,1993-04-01
1993.0,5.0,18.0,8.8,0.0,31.8,176.6,1993-05-01
1993.0,6.0,21.8,12.2,0.0,43.9,224.2,1993-06-01
1993.0,7.0,21.6,12.6,0.0,35.0,174.6,1993-07-01
1993.0,8.0,21.6,11.7,0.0,23.8,219.4,1993-08-01
1993.0,9.0,17.5,9.8,0.0,96.3,104.5,1993-09-01
1993.0,10.0,13.0,7.0,1.0,123.0,117.0,1993-10-01
1993.0,11.0,8.8,2.4,11.0,29.5,71.3,1993-11-01
1993.0,12.0,9.2,3.6,3.0,73.8,52.4,1993-12-01
1994.0,1.0,9.3,2.8,6.0,80.0,73.4,1994-01-01
1994.0,2.0,7.7,1.2,8.0,42.6,72.0,1994-02-01
1994.0,3.0,12.3,5.1,1.0,40.0,126.4,1994-03-01
1994.0,4.0,13.3,5.1,1.0,52.8,175.0,1994-04-01
1994.0,5.0,16.0,8.2,0.0,80.6,158.3,1994-05-01
1994.0,6.0,21.5,11.2,0.0,17.0,265.0,1994-06-01
1994.0,7.0,26.2,15.2,0.0,16.9,267.1,1994-07-01
1994.0,8.0,23.0,13.8,0.0,32.2,180.9,1994-08-01
1994.0,9.0,17.8,10.8,0.0,86.3,109.7,1994-09-01
1994.0,10.0,15.4,7.7,0.0,76.0,141.0,1994-10-01
1994.0,11.0,13.6,8.4,0.0,43.1,42.7,1994-11-01
1994.0,12.0,10.7,4.0,6.0,63.3,60.8,1994-12-01
1995.0,1.0,8.9,2.2,6.0,113.7,59.6,1995-01-01
1995.0,2.0,10.7,4.4,1.0,71.9,70.9,1995-02-01
1995.0,3.0,11.2,2.0,7.0,49.5,194.5,1995-03-01
1995.0,4.0,15.0,6.1,3.0,16.9,199.5,1995-04-01
1995.0,5.0,19.0,8.2,0.0,30.0,234.4,1995-05-01
1995.0,6.0,20.7,10.8,0.0,11.1,187.7,1995-06-01
1995.0,7.0,26.3,15.2,0.0,20.3,247.1,1995-07-01
1995.0,8.0,27.0,15.6,0.0,0.3,295.3,1995-08-01
1995.0,9.0,19.2,10.7,0.0,95.0,142.4,1995-09-01
1995.0,10.0,18.3,10.2,0.0,19.2,129.9,1995-10-01
1995.0,11.0,12.0,5.1,4.0,28.5,76.2,1995-11-01
1995.0,12.0,5.8,1.0,13.0,82.8,44.7,1995-12-01
1996.0,1.0,7.2,3.1,5.0,41.5,25.3,1996-01-01
1996.0,2.0,6.8,0.1,17.0,49.0,100.3,1996-02-01
1996.0,3.0,8.6,2.1,9.0,31.4,75.9,1996-03-01
1996.0,4.0,14.3,5.5,3.0,25.0,147.5,1996-04-01
1996.0,5.0,15.1,5.9,0.0,25.8,182.6,1996-05-01
1996.0,6.0,22.8,11.3,0.0,12.0,282.7,1996-06-01
1996.0,7.0,24.2,13.2,0.0,28.8,233.7,1996-07-01
1996.0,8.0,23.1,13.4,0.0,45.8,217.6,1996-08-01
1996.0,9.0,19.2,10.7,0.0,22.0,142.0,1996-09-01
1996.0,10.0,16.6,8.9,0.0,35.4,142.3,1996-10-01
1996.0,11.0,10.5,2.7,9.0,91.0,107.5,1996-11-01
1996.0,12.0,6.2,1.4,11.0,13.0,57.6,1996-12-01
1997.0,1.0,5.5,0.2,13.0,10.3,59.3,1997-01-01
1997.0,2.0,10.8,4.0,4.0,55.1,58.1,1997-02-01
1997.0,3.0,13.8,5.3,0.0,11.4,151.0,1997-03-01
1997.0,4.0,15.6,5.4,1.0,9.8,218.5,1997-04-01
1997.0,5.0,18.7,8.5,1.0,28.2,259.2,1997-05-01
1997.0,6.0,20.2,12.2,0.0,78.6,151.6,1997-06-01
1997.0,7.0,23.5,13.9,0.0,34.6,241.1,1997-07-01
1997.0,8.0,25.8,16.6,0.0,70.5,194.2,1997-08-01
1997.0,9.0,20.9,11.8,0.0,6.8,190.3,1997-09-01
1997.0,10.0,15.9,7.5,3.0,44.9,166.0,1997-10-01
1997.0,11.0,12.5,6.2,2.0,47.1,67.3,1997-11-01
1997.0,12.0,9.5,4.2,4.0,47.4,48.0,1997-12-01
1998.0,1.0,9.2,3.5,3.0,68.6,65.2,1998-01-01
1998.0,2.0,11.6,3.5,5.0,6.6,113.1,1998-02-01
1998.0,3.0,12.1,5.7,1.0,51.1,84.9,1998-03-01
1998.0,4.0,12.7,5.7,0.0,82.6,115.4,1998-04-01
1998.0,5.0,19.6,10.2,0.0,31.9,228.2,1998-05-01
1998.0,6.0,19.9,12.0,0.0,89.6,158.4,1998-06-01
1998.0,7.0,21.4,13.0,0.0,26.9,184.3,1998-07-01
1998.0,8.0,23.5,12.7,0.0,16.6,262.6,1998-08-01
1998.0,9.0,20.4,12.7,0.0,101.2,149.1,1998-09-01
1998.0,10.0,14.7,8.6,0.0,103.8,96.7,1998-10-01
1998.0,11.0,9.6,3.4,4.0,57.0,78.5,1998-11-01
1998.0,12.0,9.7,3.8,7.0,49.2,42.4,1998-12-01
1999.0,1.0,9.4,3.8,3.0,68.7,53.7,1999-01-01
1999.0,2.0,8.8,2.8,7.0,21.1,90.1,1999-02-01
1999.0,3.0,12.2,5.0,2.0,25.6,122.5,1999-03-01
1999.0,4.0,14.9,6.3,1.0,35.0,167.8,1999-04-01
1999.0,5.0,19.1,10.2,0.0,35.8,184.9,1999-05-01
1999.0,6.0,20.3,11.0,0.0,98.2,239.1,1999-06-01
1999.0,7.0,24.9,14.3,0.0,8.6,275.9,1999-07-01
1999.0,8.0,22.8,14.0,0.0,124.8,199.8,1999-08-01
1999.0,9.0,21.3,13.2,0.0,86.7,165.0,1999-09-01
1999.0,10.0,15.6,7.9,0.0,49.2,160.5,1999-10-01
1999.0,11.0,11.3,5.9,0.0,31.2,79.0,1999-11-01
1999.0,12.0,8.7,2.4,7.0,77.2,75.3,1999-12-01
2000.0,1.0,8.6,2.4,7.0,16.5,78.6,2000-01-01
2000.0,2.0,10.4,3.8,5.0,62.2,102.5,2000-02-01
2000.0,3.0,12.1,4.9,1.0,16.0,120.4,2000-03-01
2000.0,4.0,12.9,5.4,0.0,99.6,135.8,2000-04-01
2000.0,5.0,18.0,9.6,0.0,87.2,202.9,2000-05-01
2000.0,6.0,21.0,12.8,0.0,19.2,169.5,2000-06-01
2000.0,7.0,21.0,12.8,0.0,52.8,174.7,2000-07-01
2000.0,8.0,23.2,14.0,0.0,32.3,211.4,2000-08-01
2000.0,9.0,20.1,12.5,0.0,105.8,132.1,2000-09-01
2000.0,10.0,14.7,8.5,0.0,155.4,98.0,2000-10-01
2000.0,11.0,11.0,4.5,1.0,99.5,74.9,2000-11-01
2000.0,12.0,9.0,4.6,5.0,73.9,50.0,2000-12-01
2001.0,1.0,7.1,1.8,9.0,75.2,87.0,2001-01-01
2001.0,2.0,9.2,2.8,5.0,69.6,92.3,2001-02-01
2001.0,3.0,9.5,3.8,3.0,95.3,78.2,2001-03-01
2001.0,4.0,12.8,5.4,0.0,66.5,138.5,2001-04-01
2001.0,5.0,18.8,9.1,0.0,26.0,228.0,2001-05-01
2001.0,6.0,20.8,11.3,0.0,39.1,248.0,2001-06-01
2001.0,7.0,24.3,14.5,0.0,35.2,229.1,2001-07-01
2001.0,8.0,23.5,14.5,0.0,79.0,210.9,2001-08-01
2001.0,9.0,18.1,10.8,0.0,59.6,143.3,2001-09-01
2001.0,10.0,17.6,11.3,0.0,108.2,109.9,2001-10-01
2001.0,11.0,11.3,4.4,3.0,33.8,88.3,2001-11-01
2001.0,12.0,7.3,1.4,11.0,17.8,93.3,2001-12-01
2002.0,1.0,9.5,3.5,6.0,51.0,53.4,2002-01-01
2002.0,2.0,11.3,4.8,2.0,64.0,91.4,2002-02-01
2002.0,3.0,12.4,5.1,2.0,37.6,111.3,2002-03-01
2002.0,4.0,15.7,6.1,0.0,38.4,220.5,2002-04-01
2002.0,5.0,17.3,9.4,0.0,66.4,192.2,2002-05-01
2002.0,6.0,20.1,11.6,0.0,74.2,191.5,2002-06-01
2002.0,7.0,22.3,13.5,0.0,67.2,193.9,2002-07-01
2002.0,8.0,23.3,14.7,0.0,36.3,190.4,2002-08-01
2002.0,9.0,20.3,11.5,0.0,20.0,178.2,2002-09-01
2002.0,10.0,15.3,8.4,0.0,61.6,109.2,2002-10-01
2002.0,11.0,12.4,7.0,0.0,151.0,66.1,2002-11-01
2002.0,12.0,9.0,5.2,0.0,119.0,34.1,2002-12-01
2003.0,1.0,8.0,2.3,10.0,73.6,93.6,2003-01-01
2003.0,2.0,8.4,1.8,10.0,20.8,101.2,2003-02-01
2003.0,3.0,13.6,4.4,0.0,16.4,176.9,2003-03-01
2003.0,4.0,15.7,6.3,3.0,30.0,198.0,2003-04-01
2003.0,5.0,18.2,9.0,0.0,39.1,205.5,2003-05-01
2003.0,6.0,23.3,13.3,0.0,47.6,245.5,2003-06-01
2003.0,7.0,24.2,14.7,0.0,28.8,213.9,2003-07-01
2003.0,8.0,26.4,15.7,0.0,10.4,255.3,2003-08-01
2003.0,9.0,21.9,10.8,0.0,8.4,206.7,2003-09-01
2003.0,10.0,14.5,6.4,0.0,35.2,160.7,2003-10-01
2003.0,11.0,12.6,6.7,1.0,113.8,88.2,2003-11-01
2003.0,12.0,8.8,3.2,3.0,51.4,58.0,2003-12-01
2004.0,1.0,8.8,3.1,8.0,71.9,64.0,2004-01-01
2004.0,2.0,8.7,3.8,7.0,26.2,65.3,2004-02-01
2004.0,3.0,10.8,3.9,3.0,29.5,102.7,2004-03-01
2004.0,4.0,14.9,6.3,0.0,68.8,155.0,2004-04-01
2004.0,5.0,18.2,9.5,0.0,45.0,208.2,2004-05-01
2004.0,6.0,22.1,12.6,0.0,40.4,236.0,2004-06-01
2004.0,7.0,22.7,13.3,0.0,37.6,201.5,2004-07-01
2004.0,8.0,23.8,15.1,0.0,107.8,213.3,2004-08-01
2004.0,9.0,20.8,12.5,0.0,18.8,182.7,2004-09-01
2004.0,10.0,15.3,9.1,0.0,96.6,101.2,2004-10-01
2004.0,11.0,11.2,6.2,2.0,29.6,60.8,2004-11-01
2004.0,12.0,8.8,2.9,5.0,46.4,48.2,2004-12-01
2005.0,1.0,9.5,3.8,1.0,21.6,72.1,2005-01-01
2005.0,2.0,7.3,2.5,7.0,19.7,62.4,2005-02-01
2005.0,3.0,11.5,4.5,7.0,43.6,96.7,2005-03-01
2005.0,4.0,14.6,6.2,1.0,30.0,153.0,2005-04-01
2005.0,5.0,17.7,8.5,0.0,19.8,228.3,2005-05-01
2005.0,6.0,22.8,12.9,0.0,32.6,219.3,2005-06-01
2005.0,7.0,23.3,14.1,0.0,45.8,202.5,2005-07-01
2005.0,8.0,23.2,13.0,0.0,42.4,250.4,2005-08-01
2005.0,9.0,21.4,12.7,0.0,47.5,143.9,2005-09-01
2005.0,10.0,17.8,11.3,0.0,73.4,89.9,2005-10-01
2005.0,11.0,10.7,3.5,8.0,29.2,93.3,2005-11-01
2005.0,12.0,8.2,1.9,8.0,44.4,65.7,2005-12-01
2006.0,1.0,7.6,2.9,6.0,16.8,51.4,2006-01-01
2006.0,2.0,7.2,1.7,5.0,41.2,62.9,2006-02-01
2006.0,3.0,9.4,2.8,10.0,44.6,91.2,2006-03-01
2006.0,4.0,14.1,6.0,0.0,33.4,132.3,2006-04-01
2006.0,5.0,18.0,9.8,0.0,91.6,128.2,2006-05-01
2006.0,6.0,23.7,12.9,0.0,11.8,225.3,2006-06-01
2006.0,7.0,28.2,16.7,0.0,23.6,266.4,2006-07-01
2006.0,8.0,22.2,13.5,0.0,68.8,140.2,2006-08-01
2006.0,9.0,22.7,14.5,0.0,78.2,153.9,2006-09-01
2006.0,10.0,17.8,11.2,0.0,64.4,106.3,2006-10-01
2006.0,11.0,12.7,5.4,2.0,98.0,97.0,2006-11-01
2006.0,12.0,9.7,4.5,5.0,63.6,41.2,2006-12-01
2007.0,1.0,10.5,5.1,2.0,56.0,56.6,2007-01-01
2007.0,2.0,9.9,3.9,5.0,92.9,59.3,2007-02-01
2007.0,3.0,12.5,4.4,2.0,43.8,164.7,2007-03-01
2007.0,4.0,18.9,7.7,0.0,3.6,224.6,2007-04-01
2007.0,5.0,17.9,9.7,0.0,80.0,149.6,2007-05-01
2007.0,6.0,21.2,12.6,0.0,63.8,139.7,2007-06-01
2007.0,7.0,21.4,13.1,0.0,115.2,159.9,2007-07-01
2007.0,8.0,21.5,12.9,0.0,41.0,192.6,2007-08-01
2007.0,9.0,19.9,11.4,0.0,17.4,141.1,2007-09-01
2007.0,10.0,15.4,8.5,0.0,37.8,98.4,2007-10-01
2007.0,11.0,11.4,4.6,3.0,84.8,81.3,2007-11-01
2007.0,12.0,8.9,3.1,9.0,44.6,61.4,2007-12-01
2008.0,1.0,10.4,4.7,0.0,69.0,60.2,2008-01-01
2008.0,2.0,11.0,2.0,7.0,15.4,130.0,2008-02-01
2008.0,3.0,10.6,3.7,2.0,69.8,85.7,2008-03-01
2008.0,4.0,13.7,5.2,2.0,63.4,140.3,2008-04-01
2008.0,5.0,19.8,10.5,0.0,64.2,162.6,2008-05-01
2008.0,6.0,20.8,11.9,0.0,45.6,201.9,2008-06-01
2008.0,7.0,22.8,13.7,0.0,76.8,172.5,2008-07-01
2008.0,8.0,21.5,14.2,0.0,64.4,104.3,2008-08-01
2008.0,9.0,18.5,11.2,0.0,43.0,110.7,2008-09-01
2008.0,10.0,15.0,6.8,1.0,45.0,134.4,2008-10-01
2008.0,11.0,10.7,5.2,2.0,58.8,42.2,2008-11-01
2008.0,12.0,7.3,1.7,11.0,41.2,65.1,2008-12-01
2009.0,1.0,6.8,0.3,13.0,72.4,63.2,2009-01-01
2009.0,2.0,7.8,2.1,10.0,69.6,59.2,2009-02-01
2009.0,3.0,12.9,3.7,2.0,30.0,158.5,2009-03-01
2009.0,4.0,16.1,7.2,0.0,28.0,172.8,2009-04-01
2009.0,5.0,19.1,9.4,0.0,29.8,193.9,2009-05-01
2009.0,6.0,22.4,12.2,0.0,34.0,192.8,2009-06-01
2009.0,7.0,23.0,13.7,0.0,71.4,155.8,2009-07-01
2009.0,8.0,23.9,14.1,0.0,39.6,167.6,2009-08-01
2009.0,9.0,20.5,12.0,0.0,36.0,137.3,2009-09-01
2009.0,10.0,16.3,9.3,0.0,39.4,84.7,2009-10-01
2009.0,11.0,12.6,7.4,0.0,148.0,62.4,2009-11-01
2009.0,12.0,7.0,1.3,12.0,84.6,60.3,2009-12-01
2010.0,1.0,4.5,-0.3,15.0,51.8,51.3,2010-01-01
2010.0,2.0,6.9,1.7,8.0,100.4,46.7,2010-02-01
2010.0,3.0,11.1,3.7,4.0,39.8,106.4,2010-03-01
2010.0,4.0,15.8,5.6,0.0,23.2,201.7,2010-04-01
2010.0,5.0,17.3,7.7,0.0,20.6,170.4,2010-05-01
2010.0,6.0,23.5,12.1,0.0,12.4,220.1,2010-06-01
2010.0,7.0,25.0,15.1,0.0,18.0,161.8,2010-07-01
2010.0,8.0,21.6,13.2,0.0,88.6,110.9,2010-08-01
2010.0,9.0,19.4,11.2,0.0,38.2,128.7,2010-09-01
2010.0,10.0,15.2,8.3,1.0,74.8,104.0,2010-10-01
2010.0,11.0,9.1,4.0,7.0,32.2,50.0,2010-11-01
2010.0,12.0,3.9,-1.5,21.0,21.4,18.5,2010-12-01
2011.0,1.0,7.4,2.8,8.0,76.8,35.6,2011-01-01
2011.0,2.0,10.2,4.8,1.0,42.8,36.2,2011-02-01
2011.0,3.0,12.3,3.8,4.0,14.6,126.4,2011-03-01
2011.0,4.0,19.7,8.6,0.0,2.4,218.0,2011-04-01
2011.0,5.0,19.4,9.4,0.0,24.6,218.0,2011-05-01
2011.0,6.0,20.7,11.0,0.0,84.0,173.5,2011-06-01
2011.0,7.0,21.7,12.6,0.0,49.8,173.6,2011-07-01
2011.0,8.0,21.8,13.4,0.0,68.8,144.1,2011-08-01
2011.0,9.0,21.3,12.4,0.0,35.0,161.2,2011-09-01
2011.0,10.0,18.1,10.1,0.0,18.4,140.4,2011-10-01
2011.0,11.0,13.6,7.3,0.0,29.0,52.5,2011-11-01
2011.0,12.0,9.9,3.8,4.0,63.0,60.6,2011-12-01
2012.0,1.0,9.8,3.4,7.0,34.4,68.5,2012-01-01
2012.0,2.0,8.0,1.3,12.0,16.8,84.9,2012-02-01
2012.0,3.0,14.7,4.7,0.0,16.2,180.3,2012-03-01
2012.0,4.0,13.3,4.9,1.0,98.4,141.7,2012-04-01
2012.0,5.0,18.2,9.7,0.0,25.4,166.6,2012-05-01
2012.0,6.0,19.4,11.6,0.0,110.8,118.5,2012-06-01
2012.0,7.0,21.3,13.2,0.0,71.8,161.6,2012-07-01
2012.0,8.0,23.5,14.3,0.0,36.4,182.6,2012-08-01
2012.0,9.0,20.0,10.3,0.0,41.2,178.9,2012-09-01
2012.0,10.0,14.2,8.0,0.0,88.4,85.6,2012-10-01
2012.0,11.0,11.0,4.6,1.0,71.8,75.4,2012-11-01
2012.0,12.0,9.0,2.6,10.0,95.8,58.0,2012-12-01
2013.0,1.0,6.5,2.0,13.0,50.1,34.5,2013-01-01
2013.0,2.0,6.7,1.2,4.0,32.8,64.9,2013-02-01
2013.0,3.0,6.9,1.2,11.0,52.8,62.3,2013-03-01
2013.0,4.0,13.5,4.7,3.0,34.0,162.8,2013-04-01
2013.0,5.0,16.4,7.7,0.0,41.8,163.3,2013-05-01
2013.0,6.0,20.3,11.2,0.0,11.6,157.5,2013-06-01
2013.0,7.0,27.0,15.2,0.0,25.2,268.2,2013-07-01
2013.0,8.0,24.3,14.3,0.0,32.6,198.7,2013-08-01
2013.0,9.0,19.7,11.1,0.0,49.6,118.9,2013-09-01
2013.0,10.0,17.0,10.6,0.0,81.4,89.6,2013-10-01
2013.0,11.0,10.4,4.7,1.0,50.0,80.4,2013-11-01
2013.0,12.0,10.2,3.5,3.0,98.2,51.3,2013-12-01
2014.0,1.0,10.0,3.8,1.0,162.4,68.3,2014-01-01
2014.0,2.0,10.6,4.4,0.0,89.8,91.7,2014-02-01
2014.0,3.0,14.1,4.4,1.0,27.8,161.4,2014-03-01
2014.0,4.0,16.1,7.5,0.0,58.0,156.9,2014-04-01
2014.0,5.0,18.0,9.8,0.0,84.6,178.8,2014-05-01
2014.0,6.0,22.1,12.5,0.0,40.8,220.2,2014-06-01
2014.0,7.0,25.8,15.0,0.0,50.0,246.4,2014-07-01
2014.0,8.0,21.7,12.7,0.0,97.6,183.6,2014-08-01
2014.0,9.0,21.5,12.8,0.0,10.8,134.6,2014-09-01
2014.0,10.0,17.6,11.0,0.0,76.0,103.8,2014-10-01
2014.0,11.0,12.5,6.9,1.0,128.4,51.1,2014-11-01
2014.0,12.0,9.2,3.0,7.0,37.8,71.6,2014-12-01
2015.0,1.0,8.8,1.6,10.0,63.4,62.0,2015-01-01
2015.0,2.0,8.0,1.8,8.0,38.6,63.9,2015-02-01
2015.0,3.0,11.6,4.1,1.0,24.0,140.7,2015-03-01
2015.0,4.0,16.3,6.0,0.0,16.2,212.1,2015-04-01
2015.0,5.0,17.6,8.8,0.0,41.6,189.0,2015-05-01
2015.0,6.0,22.2,11.4,0.0,12.2,197.0,2015-06-01
2015.0,7.0,23.7,13.8,0.0,71.8,189.7,2015-07-01
2015.0,8.0,22.2,14.1,0.0,116.8,134.1,2015-08-01
2015.0,9.0,18.6,10.2,0.0,50.0,162.3,2015-09-01
2015.0,10.0,15.8,9.3,0.0,39.8,94.2,2015-10-01
2015.0,11.0,13.4,8.0,2.0,48.2,27.7,2015-11-01
2015.0,12.0,13.7,8.9,0.0,39.4,35.0,2015-12-01
2016.0,1.0,9.5,3.0,5.0,74.8,54.8,2016-01-01
2016.0,2.0,9.4,2.9,5.0,43.8,86.8,2016-02-01
2016.0,3.0,10.7,3.2,3.0,72.8,123.3,2016-03-01
2016.0,4.0,13.5,4.9,0.0,47.2,170.0,2016-04-01
2016.0,5.0,19.0,9.7,0.0,60.4,192.7,2016-05-01
2016.0,6.0,20.7,12.7,0.0,93.4,101.7,2016-06-01
2016.0,7.0,24.0,14.5,0.0,16.0,182.8,2016-07-01
2016.0,8.0,24.7,14.6,0.0,21.6,201.4,2016-08-01
2016.0,9.0,22.4,13.7,0.0,42.2,122.1,2016-09-01
2016.0,10.0,15.9,8.7,0.0,21.6,105.6,2016-10-01
2016.0,11.0,10.5,3.8,3.0,86.4,77.4,2016-11-01
2016.0,12.0,10.2,3.4,7.0,10.4,55.1,2016-12-01
2017.0,1.0,7.6,0.7,15.0,60.2,64.5,2017-01-01
2017.0,2.0,10.0,4.4,1.0,38.2,47.8,2017-02-01
2017.0,3.0,14.1,6.6,0.0,25.8,116.3,2017-03-01
2017.0,4.0,15.8,5.9,0.0,4.6,186.2,2017-04-01
2017.0,5.0,19.8,10.4,0.0,64.8,164.8,2017-05-01
2017.0,6.0,24.0,13.9,0.0,46.4,204.3,2017-06-01
2017.0,7.0,23.8,14.9,0.0,90.0,178.0,2017-07-01
2017.0,8.0,22.0,13.5,0.0,58.6,174.9,2017-08-01
2017.0,9.0,19.2,11.0,0.0,59.0,120.1,2017-09-01
2017.0,10.0,17.1,10.3,0.0,9.2,84.6,2017-10-01
2017.0,11.0,11.1,4.5,2.0,34.2,66.7,2017-11-01
2017.0,12.0,8.7,2.9,7.0,81.2,43.8,2017-12-01
2018.0,1.0,9.7,3.8,1.0,58.0,46.5,2018-01-01
2018.0,2.0,6.7,0.6,12.0,29.0,92.0,2018-02-01
2018.0,3.0,9.8,3.0,6.0,81.2,70.3,2018-03-01
2018.0,4.0,15.5,7.9,0.0,65.2,113.4,2018-04-01
2018.0,5.0,20.8,9.8,0.0,58.4,248.3,2018-05-01
2018.0,6.0,24.2,13.1,0.0,0.4,234.5,2018-06-01
2018.0,7.0,28.3,16.4,0.0,14.8,272.5,2018-07-01
2018.0,8.0,24.5,14.5,0.0,48.2,182.1,2018-08-01
2018.0,9.0,20.9,11.0,0.0,29.4,195.0,2018-09-01
2018.0,10.0,16.5,8.5,1.0,61.0,137.0,2018-10-01
2018.0,11.0,12.2,5.8,1.0,73.8,72.9,2018-11-01
2018.0,12.0,10.7,5.2,2.0,60.6,40.3,2018-12-01
2019.0,1.0,7.6,2.0,9.0,33.2,56.4,2019-01-01
2019.0,2.0,12.4,3.3,3.0,34.2,120.2,2019-02-01
2019.0,3.0,13.1,5.8,0.0,49.6,119.0,2019-03-01
2019.0,4.0,15.8,5.7,1.0,12.8,170.1,2019-04-01
2019.0,5.0,18.6,8.4,0.0,36.0,176.3,2019-05-01
2019.0,6.0,21.8,11.9,0.0,81.8,170.1,2019-06-01
2019.0,7.0,25.5,14.9,0.0,50.8,194.5,2019-07-01
2019.0,8.0,25.2,14.1,0.0,33.6,201.2,2019-08-01
2019.0,9.0,21.2,11.8,0.0,63.0,156.8,2019-09-01
2019.0,10.0,15.5,8.6,0.0,92.8,74.0,2019-10-01
2019.0,11.0,10.3,4.3,3.0,74.8,51.3,2019-11-01
2019.0,12.0,10.2,4.0,3.0,89.6,56.2,2019-12-01
2020.0,1.0,10.1,4.7,4.0,47.6,50.3,2020-01-01
2020.0,2.0,11.1,4.3,1.0,99.8,62.0,2020-02-01
2020.0,3.0,12.0,3.9,1.0,42.8,148.0,2020-03-01
2020.0,4.0,18.2,6.5,1.0,38.2,235.4,2020-04-01
2020.0,5.0,21.1,9.1,0.0,2.0,308.6,2020-05-01
2020.0,6.0,22.5,12.6,0.0,54.0,174.9,2020-06-01
2020.0,7.0,23.8,13.4,0.0,35.2,171.2,2020-07-01
2020.0,8.0,25.6,15.6,0.0,58.2,161.8,2020-08-01
2020.0,9.0,21.6,11.2,0.0,20.0,168.9,2020-09-01
2020.0,10.0,15.1,8.8,0.0,142.2,51.6,2020-10-01
2020.0,11.0,12.7,6.2,2.0,50.2,44.6,2020-11-01
2020.0,12.0,8.5,3.5,7.0,72.4,36.5,2020-12-01
2021.0,1.0,7.0,1.3,12.0,96.6,29.4,2021-01-01
2021.0,2.0,9.1,3.1,7.0,36.4,57.9,2021-02-01
2021.0,3.0,12.1,4.1,1.0,24.6,91.4,2021-03-01
2021.0,4.0,13.1,2.9,5.0,7.2,202.6,2021-04-01
2021.0,5.0,16.5,7.2,0.0,84.6,131.9,2021-05-01
2021.0,6.0,22.5,13.3,0.0,88.2,159.6,2021-06-01
2021.0,7.0,24.2,14.9,0.0,61.2,171.1,2021-07-01
2021.0,8.0,21.9,13.4,0.0,42.2,95.6,2021-08-01
2021.0,9.0,22.3,13.3,0.0,52.4,124.0,2021-09-01
2021.0,10.0,16.9,9.7,0.0,87.6,84.2,2021-10-01
2021.0,11.0,11.4,4.5,3.0,10.2,67.8,2021-11-01
2021.0,12.0,10.1,5.3,3.0,71.2,21.1,2021-12-01
2022.0,1.0,8.9,1.9,9.0,17.2,67.1,2022-01-01
2022.0,2.0,11.3,4.0,3.0,49.6,78.4,2022-02-01
2022.0,3.0,13.2,4.9,1.0,31.4,157.2,2022-03-01
2022.0,4.0,16.1,5.7,1.0,16.4,167.2,2022-04-01
2022.0,5.0,20.2,10.1,0.0,34.2,155.3,2022-05-01
2022.0,6.0,23.2,11.9,0.0,24.0,212.2,2022-06-01
2022.0,7.0,27.2,15.5,0.0,7.6,221.1,2022-07-01
2022.0,8.0,27.0,15.9,0.0,54.4,234.3,2022-08-01
2022.0,9.0,20.2,11.8,0.0,86.0,119.1,2022-09-01
2022.0,10.0,18.3,10.4,0.0,81.4,132.8,2022-10-01
2022.0,11.0,13.2,7.6,0.0,123.8,69.9,2022-11-01
2022.0,12.0,7.9,1.7,11.0,51.6,56.4,2022-12-01
2023.0,1.0,9.0,2.5,10.0,59.0,68.2,2023-01-01
2023.0,2.0,10.8,3.4,6.0,4.2,81.3,2023-02-01
2023.0,3.0,11.5,5.2,1.0,92.4,60.2,2023-03-01
2023.0,4.0,14.6,5.9,0.0,65.8,151.1,2023-04-01
2023.0,5.0,18.6,9.3,0.0,38.4,196.6,2023-05-01
2023.0,6.0,25.3,13.5,0.0,56.8,250.2,2023-06-01
2023.0,7.0,22.9,14.0,0.0,61.4,150.1,2023-07-01
2023.0,8.0,23.0,13.8,0.0,53.0,171.1,2023-08-01
2023.0,9.0,24.4,14.7,0.0,59.4,167.9,2023-09-01
2023.0,10.0,18.1,10.2,0.0,116.8,112.9,2023-10-01
2023.0,11.0,11.8,5.4,3.0,78.4,74.9,2023-11-01
2023.0,12.0,10.9,5.9,3.0,76.4,21.0,2023-12-01
2024.0,1.0,8.4,2.5,8.0,50.6,71.4,2024-01-01
2024.0,2.0,12.2,6.0,2.0,100.4,48.6,2024-02-01
2024.0,3.0,13.1,5.9,0.0,85.0,94.9,2024-03-01
2024.0,4.0,15.0,7.2,0.0,68.6,126.3,2024-04-01
2024.0,5.0,19.6,10.6,0.0,54.4,164.2,2024-05-01
2024.0,6.0,22.0,11.1,0.0,12.4,205.7,2024-06-01
2024.0,7.0,23.5,13.8,0.0,83.6,178.2,2024-07-01
2024.0,8.0,24.5,14.6,0.0,28.4,188.6,2024-08-01
2024.0,9.0,20.1,11.9,0.0,114.8,121.9,2024-09-01
2024.0,10.0,16.4,9.4,0.0,57.2,80.6,2024-10-01
2024.0,11.0,11.2,6.0,4.0,62.2,52.7,2024-11-01
2024.0,12.0,9.9,5.2,0.0,27.2,20.5,2024-12-01
2025.0,1.0,7.3,1.4,10.0,80.4,51.9,2025-01-01
2025.0,2.0,8.8,2.8,6.0,44.2,67.4,2025-02-01
2025.0,3.0,14.1,3.9,7.0,4.4,187.9,2025-03-01
2025.0,4.0,18.3,7.0,0.0,18.8,252.3,2025-04-01
2025.0,5.0,21.1,10.1,0.0,15.4,225.5,2025-05-01
2025.0,6.0,25.6,14.1,0.0,26.8,230.8,2025-06-01
2025.0,7.0,25.8,15.8,0.0,48.4,190.3,2025-07-01
2025.0,8.0,25.0,14.1,0.0,23.0,192.0,2025-08-01
2025.0,9.0,20.3,11.1,0.0,48.8,170.9,2025-09-01
2025.0,10.0,15.8,9.7,0.0,52.8,70.5,2025-10-01
2025.0,11.0,12.6,6.6,5.0,45.6,71.7,2025-11-01
2025.0,12.0,10.4,4.8,2.0,53.8,67.1,2025-12-01
